{"workclass": {" Private": 0.6565258215962442, " Self-emp-not-inc": 0.09220657276995305, " Self-emp-inc": 0.07924882629107981, " Local-gov": 0.07737089201877934, " Federal-gov": 0.05051643192488263, " State-gov": 0.044131455399061034}, "education": {" Bachelors": 0.28431924882629106, " HS-grad": 0.2127699530516432, " Some-college": 0.1787793427230047, " Masters": 0.11981220657276995, " Prof-school": 0.05314553990610329, " Assoc-voc": 0.048450704225352116, " Doctorate": 0.03774647887323944, " Assoc-acdm": 0.03286384976525822, " 10th": 0.008450704225352112, " 11th": 0.007887323943661971, " 7th-8th": 0.004882629107981221, " 12th": 0.0041314553990610325, " 9th": 0.0041314553990610325, " 5th-6th": 0.0022535211267605635, " 1st-4th": 0.0003755868544600939}, "marital-status": {" Married-civ-spouse": 0.8525821596244132, " Never-married": 0.0647887323943662, " Divorced": 0.059342723004694835, " Widowed": 0.009953051643192488, " Separated": 0.007887323943661971, " Married-spouse-absent": 0.00431924882629108, " Married-AF-spouse": 0.0011267605633802818}, "occupation": {" Prof-specialty": 0.25652582159624415, " Exec-managerial": 0.25370892018779345, " Sales": 0.12450704225352113, " Craft-repair": 0.12, " Adm-clerical": 0.06553990610328639, " Transport-moving": 0.04037558685446009, " Tech-support": 0.03624413145539906, " Machine-op-inspct": 0.03192488262910798, " Protective-serv": 0.0276056338028169, " Other-service": 0.017652582159624414, " Farming-fishing": 0.014084507042253521, " Handlers-cleaners": 0.011643192488262911, " Armed-Forces": 0.00018779342723004695}, "relationship": {" Husband": 0.7513615023474178, " Not-in-family": 0.10816901408450705, " Wife": 0.09765258215962441, " Unmarried": 0.029671361502347417, " Own-child": 0.00863849765258216, " Other-relative": 0.004507042253521127}, "race": {" White": 0.9059154929577464, " Black": 0.05014084507042253, " Asian-Pac-Islander": 0.03549295774647887, " Amer-Indian-Eskimo": 0.004882629107981221, " Other": 0.003568075117370892}, "sex": {" Male": 0.8452582159624413, " Female": 0.15474178403755867}, "native-country": {" United-States": 0.9338967136150235, " Philippines": 0.007511737089201878, " Canada": 0.005633802816901409, " Germany": 0.005633802816901409, " India": 0.004882629107981221, " Mexico": 0.0041314553990610325, " Japan": 0.003568075117370892, " Cuba": 0.0033802816901408453, " China": 0.0033802816901408453, " England": 0.003192488262910798, " Italy": 0.0024413145539906103, " South": 0.0022535211267605635, " Taiwan": 0.0022535211267605635, " Puerto-Rico": 0.0020657276995305163, " France": 0.0016901408450704226, " Iran": 0.0015023474178403756, " El-Salvador": 0.0011267605633802818, " Poland": 0.0009389671361502347, " Jamaica": 0.0009389671361502347, " Yugoslavia": 0.0009389671361502347, " Hong": 0.0009389671361502347, " Cambodia": 0.0007511737089201878, " Greece": 0.0007511737089201878, " Portugal": 0.0007511737089201878, " Scotland": 0.0005633802816901409, " Vietnam": 0.0005633802816901409, " Haiti": 0.0005633802816901409, " Ecuador": 0.0005633802816901409, " Ireland": 0.0005633802816901409, " Hungary": 0.0003755868544600939, " Columbia": 0.0003755868544600939, " Trinadad&Tobago": 0.0003755868544600939, " Nicaragua": 0.0003755868544600939, " Thailand": 0.00018779342723004695, " Dominican-Republic": 0.00018779342723004695, " Laos": 0.00018779342723004695, " Peru": 0.00018779342723004695, " Guatemala": 0.00018779342723004695, " Honduras": 0.00018779342723004695}, "age": {"35.25": 0.595868544600939, "16.927": 0.2187793427230047, "53.5": 0.1752112676056338, "71.75": 0.010140845070422535}, "fnlwgt": {"10812.58": 0.9541784037558686, "380390.0": 0.04469483568075117, "748495.0": 0.0011267605633802818, "1116600.0": 0.0}, "education-num": {"12.25": 0.49502347417840376, "8.5": 0.4728638497652582, "4.75": 0.02460093896713615, "0.985": 0.007511737089201878}, "capital-gain": {"-99.999": 0.9748356807511737, "74999.25": 0.020845070422535212, "24999.75": 0.00431924882629108, "49999.5": 0.0}, "capital-loss": {"-4.356": 0.9030985915492957, "1089.0": 0.07906103286384976, "2178.0": 0.017652582159624414, "3267.0": 0.00018779342723004695}, "hours-per-week": {"25.5": 0.7776525821596244, "50.0": 0.1723943661971831, "0.902": 0.03286384976525822, "74.5": 0.017089201877934272}}