{"workclass": {" Private": 0.7862470438420956, " Self-emp-not-inc": 0.07416166393790552, " Local-gov": 0.05948699290522103, " State-gov": 0.036565399308713845, " Federal-gov": 0.02364926323449154, " Self-emp-inc": 0.018980049724091928, " Without-pay": 0.0006063913649869626, " Never-worked": 0.0003031956824934813}, "education": {" HS-grad": 0.3584379358437936, " Some-college": 0.23922139348735674, " Bachelors": 0.12740282578376083, " 11th": 0.04584318719301437, " Assoc-voc": 0.040325025771633015, " 10th": 0.034139833848765996, " Masters": 0.03171426838881814, " Assoc-acdm": 0.031168516160329878, " 7th-8th": 0.024376932872475898, " 9th": 0.019040688860590627, " 12th": 0.01697895821963495, " 5th-6th": 0.013522527439209266, " 1st-4th": 0.006124552786368322, " Prof-school": 0.005639439694378752, " Doctorate": 0.004305378691407434, " Preschool": 0.0017585349584621915}, "marital-status": {" Never-married": 0.41313443696561764, " Married-civ-spouse": 0.33181735492086595, " Divorced": 0.16336183372748772, " Separated": 0.039839912679643444, " Widowed": 0.036080286216724274, " Married-spouse-absent": 0.015159784124674065, " Married-AF-spouse": 0.0006063913649869626}, "occupation": {" Prof-specialty": 0.1602692377660542, " Adm-clerical": 0.13261779152264871, " Craft-repair": 0.12891880419622825, " Other-service": 0.12703899096476867, " Sales": 0.1069067976472015, " Exec-managerial": 0.0873203565581226, " Machine-op-inspct": 0.07028075920198897, " Handlers-cleaners": 0.05269540961736705, " Transport-moving": 0.051421987750894425, " Farming-fishing": 0.03359408162027773, " Tech-support": 0.026014189557940694, " Protective-serv": 0.01685767994663756, " Priv-house-serv": 0.005821357103874841, " Armed-Forces": 0.00024255654599478503}, "relationship": {" Not-in-family": 0.3027105694014917, " Husband": 0.29112849433024074, " Own-child": 0.20459644654660117, " Unmarried": 0.12994966951670608, " Other-relative": 0.03826329513067734, " Wife": 0.03335152507428294}, "race": {" White": 0.839670123097447, " Black": 0.1104238675641259, " Asian-Pac-Islander": 0.030077011703353345, " Amer-Indian-Eskimo": 0.01018737493178097, " Other": 0.009641622703292704}, "sex": {" Male": 0.6077860651264326, " Female": 0.3922139348735674}, "native-country": {" United-States": 0.9064944515190104, " Mexico": 0.024437572008974593, " Philippines": 0.005457522284882663, " Puerto-Rico": 0.004669213510399612, " Germany": 0.003941543872415257, " El-Salvador": 0.0035777090534230794, " Canada": 0.0032138742344309016, " South": 0.0029106785519374206, " Guatemala": 0.0027287611424413314, " Vietnam": 0.0026681220059426355, " Cuba": 0.0026681220059426355, " Jamaica": 0.002607482869443939, " England": 0.0025468437329452427, " Dominican-Republic": 0.0025468437329452427, " Italy": 0.0023042871869504576, " Columbia": 0.0021830089139530653, " India": 0.002122369777454369, " Haiti": 0.002061730640955673, " Poland": 0.002061730640955673, " China": 0.0020010915044569766, " Japan": 0.001637256685464799, " Portugal": 0.0015766175489661028, " Taiwan": 0.001394700139470014, " Nicaragua": 0.001394700139470014, " Peru": 0.0011521435934752288, " Ecuador": 0.0010308653204778365, " Greece": 0.0009702261839791401, " Iran": 0.0009095870474804438, " Ireland": 0.0007883087744830514, " Thailand": 0.0007276696379843551, " France": 0.0006670305014856589, " Hong": 0.0006670305014856589, " Trinadad&Tobago": 0.0006063913649869626, " Outlying-US(Guam-USVI-etc)": 0.0006063913649869626, " Laos": 0.0006063913649869626, " Scotland": 0.00048511309198957006, " Yugoslavia": 0.00048511309198957006, " Honduras": 0.0004244739554908738, " Cambodia": 0.00036383481899217757, " Hungary": 0.0003031956824934813}, "age": {"16.927": 0.534655266509005, "35.25": 0.32830028500394154, "53.5": 0.12261233400036384, "71.75": 0.014432114486689709}, "fnlwgt": {"10812.58": 0.9505184646170639, "380390.0": 0.04820811351646353, "748495.0": 0.0010915044569765327, "1116600.0": 0.00018191740949608878}, "education-num": {"8.5": 0.6691528712631132, "12.25": 0.16906191255836517, "4.75": 0.11600266812200594, "0.985": 0.04578254805651567}, "capital-gain": {"-99.999": 0.9996968043175065, "24999.75": 0.0003031956824934813, "49999.5": 0.0, "74999.25": 0.0}, "capital-loss": {"-4.356": 0.9709538536171245, "1089.0": 0.02492268510096416, "2178.0": 0.003759626462919168, "3267.0": 0.00036383481899217757}, "hours-per-week": {"25.5": 0.763022254563095, "0.902": 0.15165848038323934, "50.0": 0.07385846825541205, "74.5": 0.011460796798253592}}